{"episode": 1, "reward": 1.515649312759336, "lap_quad": NaN, "sec_eig": NaN, "rl_lo": NaN, "q_t": NaN, "comm_loss": NaN, "_timestamp": 1742296951.3667848, "_runtime": 16.067752838134766, "_step": 0, "_wandb": {"runtime": 19}}