{"episode": 1, "reward": 1.515649312759336, "lap_quad": NaN, "sec_eig": NaN, "rl_lo": NaN, "q_t": NaN, "comm_loss": NaN, "_timestamp": 1742297480.8233252, "_runtime": 14.88361406326294, "_step": 0, "_wandb": {"runtime": 24}}